Unnamed: 0,Flow ID, Source IP, Source Port, Destination IP, Destination Port, Protocol, Timestamp, Flow Duration, class
425,172.16.0.5-192.168.50.1-634-60495-17,172.16.0.5,634,192.168.50.1,60495,17,51:39.8,28415,DrDoS_DNS
430,172.16.0.5-192.168.50.1-60495-634-17,192.168.50.1,634,172.16.0.5,60495,17,51:39.8,2,DrDoS_DNS
1654,172.16.0.5-192.168.50.1-634-46391-17,172.16.0.5,634,192.168.50.1,46391,17,51:39.9,48549,DrDoS_DNS
2927,172.16.0.5-192.168.50.1-634-11894-17,172.16.0.5,634,192.168.50.1,11894,17,51:39.9,48337,DrDoS_DNS
694,172.16.0.5-192.168.50.1-634-27878-17,172.16.0.5,634,192.168.50.1,27878,17,51:39.9,32026,DrDoS_DNS
838,172.16.0.5-192.168.50.1-634-47149-17,172.16.0.5,634,192.168.50.1,47149,17,51:39.9,46469,DrDoS_DNS
3090,172.16.0.5-192.168.50.1-634-22713-17,172.16.0.5,634,192.168.50.1,22713,17,51:40.0,31201,DrDoS_DNS
2594,172.16.0.5-192.168.50.1-634-49912-17,172.16.0.5,634,192.168.50.1,49912,17,51:40.0,50453,DrDoS_DNS
2698,172.16.0.5-192.168.50.1-634-56681-17,172.16.0.5,634,192.168.50.1,56681,17,51:40.0,31008,DrDoS_DNS
277,172.16.0.5-192.168.50.1-634-13161-17,172.16.0.5,634,192.168.50.1,13161,17,51:40.0,30143,DrDoS_DNS
745,172.16.0.5-192.168.50.1-634-25051-17,172.16.0.5,634,192.168.50.1,25051,17,51:40.0,48900,DrDoS_DNS
1381,172.16.0.5-192.168.50.1-634-12606-17,172.16.0.5,634,192.168.50.1,12606,17,51:40.1,32323,DrDoS_DNS
2185,172.16.0.5-192.168.50.1-809-47588-17,172.16.0.5,809,192.168.50.1,47588,17,51:40.1,81626,DrDoS_DNS
1189,172.16.0.5-192.168.50.1-634-11191-17,172.16.0.5,634,192.168.50.1,11191,17,51:40.2,28950,DrDoS_DNS
2111,172.16.0.5-192.168.50.1-634-9330-17,172.16.0.5,634,192.168.50.1,9330,17,51:40.2,39033,DrDoS_DNS
733,172.16.0.5-192.168.50.1-634-60508-17,172.16.0.5,634,192.168.50.1,60508,17,51:40.2,28486,DrDoS_DNS
741,172.16.0.5-192.168.50.1-634-63045-17,172.16.0.5,634,192.168.50.1,63045,17,51:40.2,30589,DrDoS_DNS
122,172.16.0.5-192.168.50.1-0-0-0,172.16.0.5,0,192.168.50.1,0,0,51:40.2,119819608,DrDoS_DNS
520,172.16.0.5-192.168.50.1-634-44802-17,172.16.0.5,634,192.168.50.1,44802,17,51:40.2,35172,DrDoS_DNS
1858,172.16.0.5-192.168.50.1-634-3192-17,172.16.0.5,634,192.168.50.1,3192,17,51:40.2,32880,DrDoS_DNS
2113,172.16.0.5-192.168.50.1-634-11970-17,172.16.0.5,634,192.168.50.1,11970,17,51:40.3,36052,DrDoS_DNS
873,172.16.0.5-192.168.50.1-634-15612-17,172.16.0.5,634,192.168.50.1,15612,17,51:40.3,40926,DrDoS_DNS
0,172.16.0.5-192.168.50.1-48621-22-6,192.168.50.1,22,172.16.0.5,48621,6,51:40.3,5197051,DrDoS_DNS
2738,172.16.0.5-192.168.50.1-634-46719-17,172.16.0.5,634,192.168.50.1,46719,17,51:40.3,37616,DrDoS_DNS
2844,172.16.0.5-192.168.50.1-634-7674-17,172.16.0.5,634,192.168.50.1,7674,17,51:40.3,31111,DrDoS_DNS
1925,172.16.0.5-192.168.50.1-634-39071-17,172.16.0.5,634,192.168.50.1,39071,17,51:40.4,31529,DrDoS_DNS
2911,172.16.0.5-192.168.50.1-634-37616-17,172.16.0.5,634,192.168.50.1,37616,17,51:40.4,36694,DrDoS_DNS
123,192.168.50.8-125.56.201.115-59099-80-6,192.168.50.8,59099,125.56.201.115,80,6,51:40.4,110861755,BENIGN
2371,172.16.0.5-192.168.50.1-634-64682-17,172.16.0.5,634,192.168.50.1,64682,17,51:40.4,39164,DrDoS_DNS
1417,172.16.0.5-192.168.50.1-634-587-17,172.16.0.5,634,192.168.50.1,587,17,51:40.4,38512,DrDoS_DNS
2742,172.16.0.5-192.168.50.1-634-31123-17,172.16.0.5,634,192.168.50.1,31123,17,51:40.5,67199,DrDoS_DNS
23,192.168.50.8-54.218.239.186-59102-443-6,192.168.50.8,59102,54.218.239.186,443,6,51:40.5,40335006,BENIGN
3319,172.16.0.5-192.168.50.1-634-13463-17,172.16.0.5,634,192.168.50.1,13463,17,51:40.5,79523,DrDoS_DNS
1488,172.16.0.5-192.168.50.1-634-47597-17,172.16.0.5,634,192.168.50.1,47597,17,51:40.5,40977,DrDoS_DNS
1904,172.16.0.5-192.168.50.1-634-29575-17,172.16.0.5,634,192.168.50.1,29575,17,51:40.6,47233,DrDoS_DNS
232,172.16.0.5-192.168.50.1-634-15125-17,172.16.0.5,634,192.168.50.1,15125,17,51:40.6,111137,DrDoS_DNS
2836,172.16.0.5-192.168.50.1-634-46539-17,172.16.0.5,634,192.168.50.1,46539,17,51:40.6,47852,DrDoS_DNS
1444,172.16.0.5-192.168.50.1-634-17872-17,172.16.0.5,634,192.168.50.1,17872,17,51:40.7,29224,DrDoS_DNS
2212,172.16.0.5-192.168.50.1-634-57620-17,172.16.0.5,634,192.168.50.1,57620,17,51:40.7,29172,DrDoS_DNS
703,172.16.0.5-192.168.50.1-634-15218-17,172.16.0.5,634,192.168.50.1,15218,17,51:40.7,29212,DrDoS_DNS
811,172.16.0.5-192.168.50.1-634-42291-17,172.16.0.5,634,192.168.50.1,42291,17,51:40.7,70290,DrDoS_DNS
2133,172.16.0.5-192.168.50.1-634-58492-17,172.16.0.5,634,192.168.50.1,58492,17,51:40.8,29130,DrDoS_DNS
1187,172.16.0.5-192.168.50.1-634-62964-17,172.16.0.5,634,192.168.50.1,62964,17,51:40.8,66949,DrDoS_DNS
1995,172.16.0.5-192.168.50.1-634-37082-17,172.16.0.5,634,192.168.50.1,37082,17,51:40.8,29086,DrDoS_DNS
2758,172.16.0.5-192.168.50.1-37082-634-17,192.168.50.1,634,172.16.0.5,37082,17,51:40.8,1,DrDoS_DNS
1434,172.16.0.5-192.168.50.1-634-43576-17,172.16.0.5,634,192.168.50.1,43576,17,51:40.8,32493,DrDoS_DNS
1442,172.16.0.5-192.168.50.1-634-14805-17,172.16.0.5,634,192.168.50.1,14805,17,51:40.9,40876,DrDoS_DNS
1516,172.16.0.5-192.168.50.1-810-56554-17,172.16.0.5,810,192.168.50.1,56554,17,51:40.9,73973,DrDoS_DNS
981,172.16.0.5-192.168.50.1-634-19566-17,172.16.0.5,634,192.168.50.1,19566,17,51:40.9,71425,DrDoS_DNS
3285,172.16.0.5-192.168.50.1-634-47764-17,172.16.0.5,634,192.168.50.1,47764,17,51:41.0,68252,DrDoS_DNS
768,172.16.0.5-192.168.50.1-634-56557-17,172.16.0.5,634,192.168.50.1,56557,17,51:41.1,63447,DrDoS_DNS
2868,172.16.0.5-192.168.50.1-634-17267-17,172.16.0.5,634,192.168.50.1,17267,17,51:41.2,53292,DrDoS_DNS
2474,172.16.0.5-192.168.50.1-634-15887-17,172.16.0.5,634,192.168.50.1,15887,17,51:41.2,140761,DrDoS_DNS
126,192.168.50.253-224.0.0.5-0-0-0,192.168.50.253,0,224.0.0.5,0,0,51:41.3,113244633,BENIGN
3368,172.16.0.5-192.168.50.1-634-24068-17,172.16.0.5,634,192.168.50.1,24068,17,51:41.4,106466,DrDoS_DNS
229,172.16.0.5-192.168.50.1-634-49823-17,172.16.0.5,634,192.168.50.1,49823,17,51:41.5,107469,DrDoS_DNS
3054,172.16.0.5-192.168.50.1-634-13264-17,172.16.0.5,634,192.168.50.1,13264,17,51:41.6,79903821,DrDoS_DNS
2869,172.16.0.5-192.168.50.1-634-9352-17,172.16.0.5,634,192.168.50.1,9352,17,51:41.6,92475,DrDoS_DNS
2055,172.16.0.5-192.168.50.1-634-52873-17,172.16.0.5,634,192.168.50.1,52873,17,51:41.7,53788,DrDoS_DNS
3316,172.16.0.5-192.168.50.1-634-31895-17,172.16.0.5,634,192.168.50.1,31895,17,51:41.8,89334,DrDoS_DNS
2797,172.16.0.5-192.168.50.1-31895-634-17,192.168.50.1,634,172.16.0.5,31895,17,51:41.8,3,DrDoS_DNS
1871,172.16.0.5-192.168.50.1-634-24907-17,172.16.0.5,634,192.168.50.1,24907,17,51:41.9,30393,DrDoS_DNS
2106,172.16.0.5-192.168.50.1-634-22571-17,172.16.0.5,634,192.168.50.1,22571,17,51:41.9,61221,DrDoS_DNS
2611,172.16.0.5-192.168.50.1-634-9550-17,172.16.0.5,634,192.168.50.1,9550,17,51:41.9,29976,DrDoS_DNS
1207,172.16.0.5-192.168.50.1-634-26214-17,172.16.0.5,634,192.168.50.1,26214,17,51:41.9,42950,DrDoS_DNS
3337,172.16.0.5-192.168.50.1-634-9004-17,172.16.0.5,634,192.168.50.1,9004,17,51:41.9,151647,DrDoS_DNS
272,172.16.0.5-192.168.50.1-634-17560-17,172.16.0.5,634,192.168.50.1,17560,17,51:42.0,47522,DrDoS_DNS
3046,172.16.0.5-192.168.50.1-634-41785-17,172.16.0.5,634,192.168.50.1,41785,17,51:42.0,51145,DrDoS_DNS
2450,172.16.0.5-192.168.50.1-634-20018-17,172.16.0.5,634,192.168.50.1,20018,17,51:42.1,31263,DrDoS_DNS
299,172.16.0.5-192.168.50.1-634-30163-17,172.16.0.5,634,192.168.50.1,30163,17,51:42.1,39570,DrDoS_DNS
1192,172.16.0.5-192.168.50.1-634-19595-17,172.16.0.5,634,192.168.50.1,19595,17,51:42.1,30699,DrDoS_DNS
2945,172.16.0.5-192.168.50.1-634-13233-17,172.16.0.5,634,192.168.50.1,13233,17,51:42.1,43420,DrDoS_DNS
1865,172.16.0.5-192.168.50.1-634-18002-17,172.16.0.5,634,192.168.50.1,18002,17,51:42.1,30044,DrDoS_DNS
2581,172.16.0.5-192.168.50.1-811-37139-17,172.16.0.5,811,192.168.50.1,37139,17,51:42.2,30796,DrDoS_DNS
510,172.16.0.5-192.168.50.1-634-32179-17,172.16.0.5,634,192.168.50.1,32179,17,51:42.2,58677,DrDoS_DNS
3138,172.16.0.5-192.168.50.1-634-44630-17,172.16.0.5,634,192.168.50.1,44630,17,51:42.2,26585,DrDoS_DNS
1733,172.16.0.5-192.168.50.1-634-61040-17,172.16.0.5,634,192.168.50.1,61040,17,51:42.2,30709,DrDoS_DNS
778,172.16.0.5-192.168.50.1-634-28666-17,172.16.0.5,634,192.168.50.1,28666,17,51:42.2,49324,DrDoS_DNS
2489,172.16.0.5-192.168.50.1-634-19538-17,172.16.0.5,634,192.168.50.1,19538,17,51:42.3,43337,DrDoS_DNS
214,172.16.0.5-192.168.50.1-634-27959-17,172.16.0.5,634,192.168.50.1,27959,17,51:42.3,95793,DrDoS_DNS
3373,172.16.0.5-192.168.50.1-634-54215-17,172.16.0.5,634,192.168.50.1,54215,17,51:42.4,55168,DrDoS_DNS
284,172.16.0.5-192.168.50.1-634-47093-17,172.16.0.5,634,192.168.50.1,47093,17,51:42.5,65126,DrDoS_DNS
1977,172.16.0.5-192.168.50.1-634-21285-17,172.16.0.5,634,192.168.50.1,21285,17,51:42.5,66553,DrDoS_DNS
986,172.16.0.5-192.168.50.1-634-35284-17,172.16.0.5,634,192.168.50.1,35284,17,51:42.6,38490,DrDoS_DNS
1678,172.16.0.5-192.168.50.1-634-64352-17,172.16.0.5,634,192.168.50.1,64352,17,51:42.6,37293,DrDoS_DNS
602,172.16.0.5-192.168.50.1-634-46446-17,172.16.0.5,634,192.168.50.1,46446,17,51:42.7,60150,DrDoS_DNS
1173,172.16.0.5-192.168.50.1-634-25469-17,172.16.0.5,634,192.168.50.1,25469,17,51:42.7,45116,DrDoS_DNS
3128,172.16.0.5-192.168.50.1-634-25097-17,172.16.0.5,634,192.168.50.1,25097,17,51:42.8,50727,DrDoS_DNS
2393,172.16.0.5-192.168.50.1-25097-634-17,192.168.50.1,634,172.16.0.5,25097,17,51:42.8,2,DrDoS_DNS
608,172.16.0.5-192.168.50.1-634-5050-17,172.16.0.5,634,192.168.50.1,5050,17,51:42.8,1000595,DrDoS_DNS
2720,172.16.0.5-192.168.50.1-812-31322-17,172.16.0.5,812,192.168.50.1,31322,17,51:42.9,81826,DrDoS_DNS
1027,172.16.0.5-192.168.50.1-634-28009-17,172.16.0.5,634,192.168.50.1,28009,17,51:43.0,96541,DrDoS_DNS
2149,172.16.0.5-192.168.50.1-634-24350-17,172.16.0.5,634,192.168.50.1,24350,17,51:43.1,118187,DrDoS_DNS
91,192.168.50.8-23.15.4.11-59155-80-6,192.168.50.8,59155,23.15.4.11,80,6,51:43.1,95628949,BENIGN
87,172.217.0.110-192.168.50.8-80-59131-6,192.168.50.8,59131,172.217.0.110,80,6,51:43.1,95613243,BENIGN
88,172.217.0.110-192.168.50.8-80-59132-6,192.168.50.8,59132,172.217.0.110,80,6,51:43.2,95597710,BENIGN
2534,172.16.0.5-192.168.50.1-634-10656-17,172.16.0.5,634,192.168.50.1,10656,17,51:43.2,74212,DrDoS_DNS
85,192.168.50.8-104.36.115.113-59149-443-6,192.168.50.8,59149,104.36.115.113,443,6,51:43.2,95550752,BENIGN
84,192.168.50.8-72.21.91.29-59162-80-6,192.168.50.8,59162,72.21.91.29,80,6,51:43.3,95488268,BENIGN
1010,172.16.0.5-192.168.50.1-634-33868-17,172.16.0.5,634,192.168.50.1,33868,17,51:43.3,76564,DrDoS_DNS
90,172.217.0.110-192.168.50.8-80-59134-6,192.168.50.8,59134,172.217.0.110,80,6,51:43.3,95441625,BENIGN
89,172.217.0.110-192.168.50.8-80-59133-6,192.168.50.8,59133,172.217.0.110,80,6,51:43.3,95426030,BENIGN
1,192.168.50.8-54.210.144.213-59147-443-6,192.168.50.8,59147,54.210.144.213,443,6,51:43.3,10752566,BENIGN
3191,172.16.0.5-192.168.50.1-634-9494-17,172.16.0.5,634,192.168.50.1,9494,17,51:43.4,42517,DrDoS_DNS
1704,172.16.0.5-192.168.50.1-634-22410-17,172.16.0.5,634,192.168.50.1,22410,17,51:43.4,45812,DrDoS_DNS
1905,172.16.0.5-192.168.50.1-634-58115-17,172.16.0.5,634,192.168.50.1,58115,17,51:43.4,36434,DrDoS_DNS
128,192.168.50.8-72.21.91.29-59104-80-6,192.168.50.8,59104,72.21.91.29,80,6,51:43.4,116700629,BENIGN
28,192.168.50.8-52.203.113.92-59160-443-6,192.168.50.8,59160,52.203.113.92,443,6,51:43.4,40071270,BENIGN
2717,172.16.0.5-192.168.50.1-634-10237-17,172.16.0.5,634,192.168.50.1,10237,17,51:43.4,35221,DrDoS_DNS
92,192.168.50.8-208.185.50.75-59166-443-6,192.168.50.8,59166,208.185.50.75,443,6,51:43.5,95301325,BENIGN
27,192.168.50.8-52.203.113.92-59165-443-6,192.168.50.8,59165,52.203.113.92,443,6,51:43.5,40022787,BENIGN
2434,172.16.0.5-192.168.50.1-634-14729-17,172.16.0.5,634,192.168.50.1,14729,17,51:43.5,92365,DrDoS_DNS
133,192.168.50.8-96.6.27.46-59153-443-6,192.168.50.8,59153,96.6.27.46,443,6,51:43.5,119743393,BENIGN
785,172.16.0.5-192.168.50.1-634-43489-17,172.16.0.5,634,192.168.50.1,43489,17,51:43.6,52721,DrDoS_DNS
1666,172.16.0.5-192.168.50.1-634-4625-17,172.16.0.5,634,192.168.50.1,4625,17,51:43.6,28116,DrDoS_DNS
203,172.217.0.226-192.168.50.8-443-59170-6,192.168.50.8,59170,172.217.0.226,443,6,51:43.6,100370681,BENIGN
1604,172.16.0.5-192.168.50.1-634-39546-17,172.16.0.5,634,192.168.50.1,39546,17,51:43.6,132963,DrDoS_DNS
890,172.16.0.5-192.168.50.1-634-13855-17,172.16.0.5,634,192.168.50.1,13855,17,51:43.6,52139,DrDoS_DNS
38,192.168.50.8-35.173.44.140-59167-443-6,192.168.50.8,59167,35.173.44.140,443,6,51:43.7,40376804,BENIGN
37,192.168.50.8-35.173.44.140-59168-443-6,192.168.50.8,59168,35.173.44.140,443,6,51:43.7,40376613,BENIGN
2491,172.16.0.5-192.168.50.1-634-33986-17,172.16.0.5,634,192.168.50.1,33986,17,51:43.7,41258,DrDoS_DNS
94,192.168.50.8-72.21.91.29-59105-80-6,192.168.50.8,59105,72.21.91.29,80,6,51:43.7,95067565,BENIGN
1600,172.16.0.5-192.168.50.1-634-6312-17,172.16.0.5,634,192.168.50.1,6312,17,51:43.7,39471,DrDoS_DNS
127,192.168.50.254-224.0.0.5-0-0-0,192.168.50.254,0,224.0.0.5,0,0,51:43.7,113714745,BENIGN
2875,172.16.0.5-192.168.50.1-634-63839-17,172.16.0.5,634,192.168.50.1,63839,17,51:43.7,38796,DrDoS_DNS
791,172.16.0.5-192.168.50.1-634-59708-17,172.16.0.5,634,192.168.50.1,59708,17,51:43.8,36705,DrDoS_DNS
2634,172.16.0.5-192.168.50.1-634-52866-17,172.16.0.5,634,192.168.50.1,52866,17,51:43.8,36930,DrDoS_DNS
2746,172.16.0.5-192.168.50.1-634-11288-17,172.16.0.5,634,192.168.50.1,11288,17,51:43.8,45304,DrDoS_DNS
2040,172.16.0.5-192.168.50.1-5050-634-17,192.168.50.1,634,172.16.0.5,5050,17,51:43.8,1,DrDoS_DNS
2761,172.16.0.5-192.168.50.1-634-16993-17,172.16.0.5,634,192.168.50.1,16993,17,51:43.8,53527,DrDoS_DNS
107,192.168.50.8-208.185.50.80-59169-443-6,192.168.50.8,59169,208.185.50.80,443,6,51:43.9,95909509,BENIGN
928,172.16.0.5-192.168.50.1-634-51124-17,172.16.0.5,634,192.168.50.1,51124,17,51:43.9,47202,DrDoS_DNS
1827,172.16.0.5-192.168.50.1-634-18662-17,172.16.0.5,634,192.168.50.1,18662,17,51:43.9,36890,DrDoS_DNS
862,172.16.0.5-192.168.50.1-634-54618-17,172.16.0.5,634,192.168.50.1,54618,17,51:44.0,44159,DrDoS_DNS
3071,172.16.0.5-192.168.50.1-634-51669-17,172.16.0.5,634,192.168.50.1,51669,17,51:44.0,83861,DrDoS_DNS
2066,172.16.0.5-192.168.50.1-634-62377-17,172.16.0.5,634,192.168.50.1,62377,17,51:44.1,39495,DrDoS_DNS
435,172.16.0.5-192.168.50.1-813-60806-17,172.16.0.5,813,192.168.50.1,60806,17,51:44.1,55931,DrDoS_DNS
2843,172.16.0.5-192.168.50.1-634-23256-17,172.16.0.5,634,192.168.50.1,23256,17,51:44.2,37133,DrDoS_DNS
215,172.16.0.5-192.168.50.1-634-24518-17,172.16.0.5,634,192.168.50.1,24518,17,51:44.2,38100,DrDoS_DNS
2709,172.16.0.5-192.168.50.1-634-7016-17,172.16.0.5,634,192.168.50.1,7016,17,51:44.3,71310,DrDoS_DNS
2940,172.16.0.5-192.168.50.1-634-35575-17,172.16.0.5,634,192.168.50.1,35575,17,51:44.4,59237,DrDoS_DNS
3195,172.16.0.5-192.168.50.1-634-10588-17,172.16.0.5,634,192.168.50.1,10588,17,51:44.4,52949,DrDoS_DNS
750,172.16.0.5-192.168.50.1-634-56837-17,172.16.0.5,634,192.168.50.1,56837,17,51:44.5,51876,DrDoS_DNS
360,172.16.0.5-192.168.50.1-634-13100-17,172.16.0.5,634,192.168.50.1,13100,17,51:44.5,56261,DrDoS_DNS
2929,172.16.0.5-192.168.50.1-634-49613-17,172.16.0.5,634,192.168.50.1,49613,17,51:44.6,83473,DrDoS_DNS
2385,172.16.0.5-192.168.50.1-634-41583-17,172.16.0.5,634,192.168.50.1,41583,17,51:44.6,29097,DrDoS_DNS
549,172.16.0.5-192.168.50.1-634-1180-17,172.16.0.5,634,192.168.50.1,1180,17,51:44.7,29268,DrDoS_DNS
1689,172.16.0.5-192.168.50.1-634-5000-17,172.16.0.5,634,192.168.50.1,5000,17,51:44.7,73419,DrDoS_DNS
1403,172.16.0.5-192.168.50.1-634-46519-17,172.16.0.5,634,192.168.50.1,46519,17,51:44.7,145808,DrDoS_DNS
2926,172.16.0.5-192.168.50.1-634-42038-17,172.16.0.5,634,192.168.50.1,42038,17,51:44.7,41694,DrDoS_DNS
2937,172.16.0.5-192.168.50.1-634-39719-17,172.16.0.5,634,192.168.50.1,39719,17,51:44.8,48185,DrDoS_DNS
1294,172.16.0.5-192.168.50.1-39719-634-17,192.168.50.1,634,172.16.0.5,39719,17,51:44.8,1,DrDoS_DNS
3116,172.16.0.5-192.168.50.1-634-12398-17,172.16.0.5,634,192.168.50.1,12398,17,51:44.8,81714,DrDoS_DNS
3078,172.16.0.5-192.168.50.1-634-58783-17,172.16.0.5,634,192.168.50.1,58783,17,51:44.8,29638,DrDoS_DNS
3103,172.16.0.5-192.168.50.1-634-36627-17,172.16.0.5,634,192.168.50.1,36627,17,51:44.9,29250,DrDoS_DNS
969,172.16.0.5-192.168.50.1-634-17745-17,172.16.0.5,634,192.168.50.1,17745,17,51:44.9,31445,DrDoS_DNS
1337,172.16.0.5-192.168.50.1-634-28657-17,172.16.0.5,634,192.168.50.1,28657,17,51:44.9,31519,DrDoS_DNS
1012,172.16.0.5-192.168.50.1-634-21383-17,172.16.0.5,634,192.168.50.1,21383,17,51:44.9,57404,DrDoS_DNS
2536,172.16.0.5-192.168.50.1-634-55075-17,172.16.0.5,634,192.168.50.1,55075,17,51:44.9,29509,DrDoS_DNS
1224,172.16.0.5-192.168.50.1-634-55044-17,172.16.0.5,634,192.168.50.1,55044,17,51:45.0,29292,DrDoS_DNS
2004,172.16.0.5-192.168.50.1-634-46910-17,172.16.0.5,634,192.168.50.1,46910,17,51:45.0,68695,DrDoS_DNS
1308,172.16.0.5-192.168.50.1-634-46252-17,172.16.0.5,634,192.168.50.1,46252,17,51:45.0,29356,DrDoS_DNS
1482,172.16.0.5-192.168.50.1-634-54223-17,172.16.0.5,634,192.168.50.1,54223,17,51:45.0,29286,DrDoS_DNS
3423,172.16.0.5-192.168.50.1-634-7478-17,172.16.0.5,634,192.168.50.1,7478,17,51:45.0,58582,DrDoS_DNS
2628,172.16.0.5-192.168.50.1-634-8488-17,172.16.0.5,634,192.168.50.1,8488,17,51:45.1,60544,DrDoS_DNS
1375,172.16.0.5-192.168.50.1-634-30734-17,172.16.0.5,634,192.168.50.1,30734,17,51:45.2,134768,DrDoS_DNS
570,172.16.0.5-192.168.50.1-634-54821-17,172.16.0.5,634,192.168.50.1,54821,17,51:45.3,52333,DrDoS_DNS
41,192.168.50.8-54.222.199.48-59143-443-6,192.168.50.8,59143,54.222.199.48,443,6,51:45.3,39337035,BENIGN
2610,172.16.0.5-192.168.50.1-634-21152-17,172.16.0.5,634,192.168.50.1,21152,17,51:45.3,61459,DrDoS_DNS
2220,172.16.0.5-192.168.50.1-634-22394-17,172.16.0.5,634,192.168.50.1,22394,17,51:45.4,50196,DrDoS_DNS
1883,172.16.0.5-192.168.50.1-634-28033-17,172.16.0.5,634,192.168.50.1,28033,17,51:45.5,41404,DrDoS_DNS
1266,172.16.0.5-192.168.50.1-48621-22-6,172.16.0.5,48621,192.168.50.1,22,6,51:45.5,386044,DrDoS_DNS
3419,172.16.0.5-192.168.50.1-634-15200-17,172.16.0.5,634,192.168.50.1,15200,17,51:45.5,55554,DrDoS_DNS
2794,172.16.0.5-192.168.50.1-634-2732-17,172.16.0.5,634,192.168.50.1,2732,17,51:45.6,56464,DrDoS_DNS
3286,172.16.0.5-192.168.50.1-634-65084-17,172.16.0.5,634,192.168.50.1,65084,17,51:45.6,44254,DrDoS_DNS
1188,172.16.0.5-192.168.50.1-634-50953-17,172.16.0.5,634,192.168.50.1,50953,17,51:45.7,45493,DrDoS_DNS
1934,172.16.0.5-192.168.50.1-634-57959-17,172.16.0.5,634,192.168.50.1,57959,17,51:45.7,95367,DrDoS_DNS
889,172.16.0.5-192.168.50.1-634-37422-17,172.16.0.5,634,192.168.50.1,37422,17,51:45.8,71774,DrDoS_DNS
3029,172.16.0.5-192.168.50.1-37422-634-17,192.168.50.1,634,172.16.0.5,37422,17,51:45.8,2,DrDoS_DNS
755,172.16.0.5-192.168.50.1-634-4427-17,172.16.0.5,634,192.168.50.1,4427,17,51:45.9,80953,DrDoS_DNS
1240,172.16.0.5-192.168.50.1-634-41256-17,172.16.0.5,634,192.168.50.1,41256,17,51:46.0,51308,DrDoS_DNS
1795,172.16.0.5-192.168.50.1-634-4876-17,172.16.0.5,634,192.168.50.1,4876,17,51:46.0,46551,DrDoS_DNS
3382,172.16.0.5-192.168.50.1-634-27673-17,172.16.0.5,634,192.168.50.1,27673,17,51:46.1,41264,DrDoS_DNS
2838,172.16.0.5-192.168.50.1-634-25219-17,172.16.0.5,634,192.168.50.1,25219,17,51:46.1,89442,DrDoS_DNS
2944,172.16.0.5-192.168.50.1-634-38319-17,172.16.0.5,634,192.168.50.1,38319,17,51:46.2,43213,DrDoS_DNS
1322,172.16.0.5-192.168.50.1-634-20323-17,172.16.0.5,634,192.168.50.1,20323,17,51:46.3,40134,DrDoS_DNS
2074,172.16.0.5-192.168.50.1-634-8106-17,172.16.0.5,634,192.168.50.1,8106,17,51:46.3,84915,DrDoS_DNS
494,172.16.0.5-192.168.50.1-634-41242-17,172.16.0.5,634,192.168.50.1,41242,17,51:46.4,60117,DrDoS_DNS
3297,172.16.0.5-192.168.50.1-634-22604-17,172.16.0.5,634,192.168.50.1,22604,17,51:46.4,51469,DrDoS_DNS
2899,172.16.0.5-192.168.50.1-634-51664-17,172.16.0.5,634,192.168.50.1,51664,17,51:46.5,92457,DrDoS_DNS
1967,172.16.0.5-192.168.50.1-634-26399-17,172.16.0.5,634,192.168.50.1,26399,17,51:46.6,51689,DrDoS_DNS
2771,172.16.0.5-192.168.50.1-634-31728-17,172.16.0.5,634,192.168.50.1,31728,17,51:46.6,100506,DrDoS_DNS
3101,172.16.0.5-192.168.50.1-634-55057-17,172.16.0.5,634,192.168.50.1,55057,17,51:46.7,88180,DrDoS_DNS
595,172.16.0.5-192.168.50.1-55057-634-17,192.168.50.1,634,172.16.0.5,55057,17,51:46.8,2,DrDoS_DNS
1303,172.16.0.5-192.168.50.1-634-13626-17,172.16.0.5,634,192.168.50.1,13626,17,51:46.8,112865,DrDoS_DNS
1941,172.16.0.5-192.168.50.1-634-63617-17,172.16.0.5,634,192.168.50.1,63617,17,51:47.0,48306,DrDoS_DNS
1630,172.16.0.5-192.168.50.1-634-14086-17,172.16.0.5,634,192.168.50.1,14086,17,51:47.0,84119,DrDoS_DNS
3160,172.16.0.5-192.168.50.1-634-37883-17,172.16.0.5,634,192.168.50.1,37883,17,51:47.1,86123,DrDoS_DNS
3062,172.16.0.5-192.168.50.1-634-7839-17,172.16.0.5,634,192.168.50.1,7839,17,51:47.2,37666,DrDoS_DNS
3235,172.16.0.5-192.168.50.1-634-31497-17,172.16.0.5,634,192.168.50.1,31497,17,51:47.4,37702,DrDoS_DNS
537,172.16.0.5-192.168.50.1-634-23929-17,172.16.0.5,634,192.168.50.1,23929,17,51:47.5,35275,DrDoS_DNS
1550,172.16.0.5-192.168.50.1-634-54170-17,172.16.0.5,634,192.168.50.1,54170,17,51:47.5,68014,DrDoS_DNS
339,172.16.0.5-192.168.50.1-634-49745-17,172.16.0.5,634,192.168.50.1,49745,17,51:47.6,47289,DrDoS_DNS
1626,172.16.0.5-192.168.50.1-634-8020-17,172.16.0.5,634,192.168.50.1,8020,17,51:47.6,82471,DrDoS_DNS
2099,172.16.0.5-192.168.50.1-634-64832-17,172.16.0.5,634,192.168.50.1,64832,17,51:47.7,124257,DrDoS_DNS
1589,172.16.0.5-192.168.50.1-634-288-17,172.16.0.5,634,192.168.50.1,288,17,51:47.8,44516,DrDoS_DNS
2808,172.16.0.5-192.168.50.1-634-36245-17,172.16.0.5,634,192.168.50.1,36245,17,51:47.8,38800,DrDoS_DNS
1756,172.16.0.5-192.168.50.1-36245-634-17,192.168.50.1,634,172.16.0.5,36245,17,51:47.8,1,DrDoS_DNS
480,172.16.0.5-192.168.50.1-634-39054-17,172.16.0.5,634,192.168.50.1,39054,17,51:47.8,46351,DrDoS_DNS
2286,172.16.0.5-192.168.50.1-634-20398-17,172.16.0.5,634,192.168.50.1,20398,17,51:47.9,37319,DrDoS_DNS
2990,172.16.0.5-192.168.50.1-634-23799-17,172.16.0.5,634,192.168.50.1,23799,17,51:47.9,42117,DrDoS_DNS
517,172.16.0.5-192.168.50.1-634-25757-17,172.16.0.5,634,192.168.50.1,25757,17,51:47.9,35865,DrDoS_DNS
1099,172.16.0.5-192.168.50.1-634-54508-17,172.16.0.5,634,192.168.50.1,54508,17,51:47.9,5004541,DrDoS_DNS
1814,172.16.0.5-192.168.50.1-634-601-17,172.16.0.5,634,192.168.50.1,601,17,51:47.9,37226,DrDoS_DNS
675,172.16.0.5-192.168.50.1-634-19326-17,172.16.0.5,634,192.168.50.1,19326,17,51:48.0,90588,DrDoS_DNS
2754,172.16.0.5-192.168.50.1-634-25829-17,172.16.0.5,634,192.168.50.1,25829,17,51:48.1,37261,DrDoS_DNS
3230,172.16.0.5-192.168.50.1-634-22113-17,172.16.0.5,634,192.168.50.1,22113,17,51:48.1,37916,DrDoS_DNS
1980,172.16.0.5-192.168.50.1-634-15031-17,172.16.0.5,634,192.168.50.1,15031,17,51:48.1,56071,DrDoS_DNS
2334,172.16.0.5-192.168.50.1-634-25350-17,172.16.0.5,634,192.168.50.1,25350,17,51:48.2,103617,DrDoS_DNS
233,172.16.0.5-192.168.50.1-634-36055-17,172.16.0.5,634,192.168.50.1,36055,17,51:48.3,51422,DrDoS_DNS
3273,172.16.0.5-192.168.50.1-634-15556-17,172.16.0.5,634,192.168.50.1,15556,17,51:48.4,74949,DrDoS_DNS
2728,172.16.0.5-192.168.50.1-634-42881-17,172.16.0.5,634,192.168.50.1,42881,17,51:48.4,57024,DrDoS_DNS
3325,172.16.0.5-192.168.50.1-634-11821-17,172.16.0.5,634,192.168.50.1,11821,17,51:48.5,90729,DrDoS_DNS
1716,172.16.0.5-192.168.50.1-634-5937-17,172.16.0.5,634,192.168.50.1,5937,17,51:48.6,31116,DrDoS_DNS
1097,172.16.0.5-192.168.50.1-634-64187-17,172.16.0.5,634,192.168.50.1,64187,17,51:48.6,75704,DrDoS_DNS
853,172.16.0.5-192.168.50.1-814-12061-17,172.16.0.5,814,192.168.50.1,12061,17,51:48.6,31379,DrDoS_DNS
578,172.16.0.5-192.168.50.1-634-54634-17,172.16.0.5,634,192.168.50.1,54634,17,51:48.6,30760,DrDoS_DNS
2877,172.16.0.5-192.168.50.1-634-22355-17,172.16.0.5,634,192.168.50.1,22355,17,51:48.7,33838,DrDoS_DNS
3266,172.16.0.5-192.168.50.1-634-31806-17,172.16.0.5,634,192.168.50.1,31806,17,51:48.7,29766,DrDoS_DNS
1783,172.16.0.5-192.168.50.1-634-58434-17,172.16.0.5,634,192.168.50.1,58434,17,51:48.7,136144,DrDoS_DNS
3130,172.16.0.5-192.168.50.1-634-56511-17,172.16.0.5,634,192.168.50.1,56511,17,51:48.7,71043,DrDoS_DNS
1553,172.16.0.5-192.168.50.1-634-31052-17,172.16.0.5,634,192.168.50.1,31052,17,51:48.8,49181,DrDoS_DNS
134,192.168.50.8-96.6.27.46-59154-443-6,192.168.50.8,59154,96.6.27.46,443,6,51:48.8,114813861,BENIGN
2145,172.16.0.5-192.168.50.1-634-51482-17,172.16.0.5,634,192.168.50.1,51482,17,51:48.8,63712,DrDoS_DNS
1298,172.16.0.5-192.168.50.1-58434-634-17,192.168.50.1,634,172.16.0.5,58434,17,51:48.8,0,DrDoS_DNS
1712,172.16.0.5-192.168.50.1-634-61039-17,172.16.0.5,634,192.168.50.1,61039,17,51:48.8,29382,DrDoS_DNS
1687,172.16.0.5-192.168.50.1-634-30915-17,172.16.0.5,634,192.168.50.1,30915,17,51:48.9,33600,DrDoS_DNS
2332,172.16.0.5-192.168.50.1-634-3285-17,172.16.0.5,634,192.168.50.1,3285,17,51:48.9,50163,DrDoS_DNS
3143,172.16.0.5-192.168.50.1-815-9890-17,172.16.0.5,815,192.168.50.1,9890,17,51:48.9,38809,DrDoS_DNS
653,172.16.0.5-192.168.50.1-634-33041-17,172.16.0.5,634,192.168.50.1,33041,17,51:48.9,36062,DrDoS_DNS
808,172.16.0.5-192.168.50.1-634-40421-17,172.16.0.5,634,192.168.50.1,40421,17,51:48.9,42283,DrDoS_DNS
2884,172.16.0.5-192.168.50.1-634-55899-17,172.16.0.5,634,192.168.50.1,55899,17,51:48.9,46819,DrDoS_DNS
1748,172.16.0.5-192.168.50.1-634-3726-17,172.16.0.5,634,192.168.50.1,3726,17,51:49.0,45775,DrDoS_DNS
2293,172.16.0.5-192.168.50.1-634-25524-17,172.16.0.5,634,192.168.50.1,25524,17,51:49.0,50847,DrDoS_DNS
2785,172.16.0.5-192.168.50.1-634-24528-17,172.16.0.5,634,192.168.50.1,24528,17,51:49.0,62981,DrDoS_DNS
3331,172.16.0.5-192.168.50.1-634-53714-17,172.16.0.5,634,192.168.50.1,53714,17,51:49.1,116350,DrDoS_DNS
2971,172.16.0.5-192.168.50.1-634-2561-17,172.16.0.5,634,192.168.50.1,2561,17,51:49.2,47417,DrDoS_DNS
2353,172.16.0.5-192.168.50.1-634-17270-17,172.16.0.5,634,192.168.50.1,17270,17,51:49.3,47513,DrDoS_DNS
1116,172.16.0.5-192.168.50.1-634-29749-17,172.16.0.5,634,192.168.50.1,29749,17,51:49.3,60834,DrDoS_DNS
343,172.16.0.5-192.168.50.1-634-61101-17,172.16.0.5,634,192.168.50.1,61101,17,51:49.4,48205,DrDoS_DNS
1622,172.16.0.5-192.168.50.1-634-53231-17,172.16.0.5,634,192.168.50.1,53231,17,51:49.4,45101,DrDoS_DNS
1079,172.16.0.5-192.168.50.1-634-49169-17,172.16.0.5,634,192.168.50.1,49169,17,51:49.5,57228,DrDoS_DNS
3414,172.16.0.5-192.168.50.1-634-37542-17,172.16.0.5,634,192.168.50.1,37542,17,51:49.5,76860,DrDoS_DNS
558,172.16.0.5-192.168.50.1-634-49807-17,172.16.0.5,634,192.168.50.1,49807,17,51:49.6,41290,DrDoS_DNS
554,172.16.0.5-192.168.50.1-634-11361-17,172.16.0.5,634,192.168.50.1,11361,17,51:49.6,91948,DrDoS_DNS
2276,172.16.0.5-192.168.50.1-634-7278-17,172.16.0.5,634,192.168.50.1,7278,17,51:49.7,43003,DrDoS_DNS
1247,172.16.0.5-192.168.50.1-634-15728-17,172.16.0.5,634,192.168.50.1,15728,17,51:49.8,42149,DrDoS_DNS
1022,172.16.0.5-192.168.50.1-634-7643-17,172.16.0.5,634,192.168.50.1,7643,17,51:49.8,51625,DrDoS_DNS
2586,172.16.0.5-192.168.50.1-7643-634-17,192.168.50.1,634,172.16.0.5,7643,17,51:49.8,3,DrDoS_DNS
2197,172.16.0.5-192.168.50.1-634-22276-17,172.16.0.5,634,192.168.50.1,22276,17,51:50.2,107736,DrDoS_DNS
3010,172.16.0.5-192.168.50.1-634-32567-17,172.16.0.5,634,192.168.50.1,32567,17,51:50.3,72417,DrDoS_DNS
2069,172.16.0.5-192.168.50.1-634-25529-17,172.16.0.5,634,192.168.50.1,25529,17,51:50.4,69871,DrDoS_DNS
2615,172.16.0.5-192.168.50.1-634-63200-17,172.16.0.5,634,192.168.50.1,63200,17,51:50.5,39412,DrDoS_DNS
2054,172.16.0.5-192.168.50.1-634-15142-17,172.16.0.5,634,192.168.50.1,15142,17,51:50.5,36900,DrDoS_DNS
506,172.16.0.5-192.168.50.1-634-36358-17,172.16.0.5,634,192.168.50.1,36358,17,51:50.5,7671422,DrDoS_DNS
2635,172.16.0.5-192.168.50.1-634-7505-17,172.16.0.5,634,192.168.50.1,7505,17,51:50.6,38941,DrDoS_DNS
2372,172.16.0.5-192.168.50.1-634-49173-17,172.16.0.5,634,192.168.50.1,49173,17,51:50.6,35698,DrDoS_DNS
1485,172.16.0.5-192.168.50.1-634-40058-17,172.16.0.5,634,192.168.50.1,40058,17,51:50.7,64234,DrDoS_DNS
2775,172.16.0.5-192.168.50.1-816-44880-17,172.16.0.5,816,192.168.50.1,44880,17,51:50.7,38893,DrDoS_DNS
300,172.16.0.5-192.168.50.1-634-1489-17,172.16.0.5,634,192.168.50.1,1489,17,51:50.8,81888,DrDoS_DNS
961,172.16.0.5-192.168.50.1-1489-634-17,192.168.50.1,634,172.16.0.5,1489,17,51:50.8,2,DrDoS_DNS
1986,172.16.0.5-192.168.50.1-634-21146-17,172.16.0.5,634,192.168.50.1,21146,17,51:50.9,36478,DrDoS_DNS
3247,172.16.0.5-192.168.50.1-634-37408-17,172.16.0.5,634,192.168.50.1,37408,17,51:50.9,37639,DrDoS_DNS
2382,172.16.0.5-192.168.50.1-634-10523-17,172.16.0.5,634,192.168.50.1,10523,17,51:50.9,69130,DrDoS_DNS
1245,172.16.0.5-192.168.50.1-634-33770-17,172.16.0.5,634,192.168.50.1,33770,17,51:51.0,52587,DrDoS_DNS
2295,172.16.0.5-192.168.50.1-634-35049-17,172.16.0.5,634,192.168.50.1,35049,17,51:51.0,48003,DrDoS_DNS
2020,172.16.0.5-192.168.50.1-634-31506-17,172.16.0.5,634,192.168.50.1,31506,17,51:51.1,35505,DrDoS_DNS
1494,172.16.0.5-192.168.50.1-817-36405-17,172.16.0.5,817,192.168.50.1,36405,17,51:51.1,113748,DrDoS_DNS
792,172.16.0.5-192.168.50.1-634-48162-17,172.16.0.5,634,192.168.50.1,48162,17,51:51.3,100010,DrDoS_DNS
2058,172.16.0.5-192.168.50.1-634-5664-17,172.16.0.5,634,192.168.50.1,5664,17,51:51.3,101412,DrDoS_DNS
2095,172.16.0.5-192.168.50.1-634-2869-17,172.16.0.5,634,192.168.50.1,2869,17,51:51.5,59514,DrDoS_DNS
2946,172.16.0.5-192.168.50.1-634-14685-17,172.16.0.5,634,192.168.50.1,14685,17,51:51.5,64159,DrDoS_DNS
476,172.16.0.5-192.168.50.1-634-45055-17,172.16.0.5,634,192.168.50.1,45055,17,51:51.6,59549,DrDoS_DNS
3282,172.16.0.5-192.168.50.1-634-9491-17,172.16.0.5,634,192.168.50.1,9491,17,51:51.6,75343,DrDoS_DNS
2268,172.16.0.5-192.168.50.1-634-31261-17,172.16.0.5,634,192.168.50.1,31261,17,51:51.7,77173,DrDoS_DNS
366,172.16.0.5-192.168.50.1-634-55301-17,172.16.0.5,634,192.168.50.1,55301,17,51:51.8,50164,DrDoS_DNS
2343,172.16.0.5-192.168.50.1-55301-634-17,192.168.50.1,634,172.16.0.5,55301,17,51:51.8,1,DrDoS_DNS
1029,172.16.0.5-192.168.50.1-634-51810-17,172.16.0.5,634,192.168.50.1,51810,17,51:51.8,39189,DrDoS_DNS
265,172.16.0.5-192.168.50.1-634-60409-17,172.16.0.5,634,192.168.50.1,60409,17,51:51.9,84067,DrDoS_DNS
326,172.16.0.5-192.168.50.1-634-4296-17,172.16.0.5,634,192.168.50.1,4296,17,51:52.0,62938,DrDoS_DNS
3082,172.16.0.5-192.168.50.1-634-53977-17,172.16.0.5,634,192.168.50.1,53977,17,51:52.0,64662,DrDoS_DNS
2282,172.16.0.5-192.168.50.1-634-53883-17,172.16.0.5,634,192.168.50.1,53883,17,51:52.1,59091,DrDoS_DNS
2560,172.16.0.5-192.168.50.1-634-42027-17,172.16.0.5,634,192.168.50.1,42027,17,51:52.2,35647,DrDoS_DNS
993,172.16.0.5-192.168.50.1-634-63151-17,172.16.0.5,634,192.168.50.1,63151,17,51:52.2,63346,DrDoS_DNS
2167,172.16.0.5-192.168.50.1-634-36825-17,172.16.0.5,634,192.168.50.1,36825,17,51:52.3,60264,DrDoS_DNS
2202,172.16.0.5-192.168.50.1-634-35719-17,172.16.0.5,634,192.168.50.1,35719,17,51:52.3,70892,DrDoS_DNS
259,172.16.0.5-192.168.50.1-634-5978-17,172.16.0.5,634,192.168.50.1,5978,17,51:52.4,73611,DrDoS_DNS
2359,172.16.0.5-192.168.50.1-634-14312-17,172.16.0.5,634,192.168.50.1,14312,17,51:52.5,88941,DrDoS_DNS
1462,172.16.0.5-192.168.50.1-634-57146-17,172.16.0.5,634,192.168.50.1,57146,17,51:52.6,59582,DrDoS_DNS
2320,172.16.0.5-192.168.50.1-634-50391-17,172.16.0.5,634,192.168.50.1,50391,17,51:52.6,49468,DrDoS_DNS
2397,172.16.0.5-192.168.50.1-634-15786-17,172.16.0.5,634,192.168.50.1,15786,17,51:52.7,54065,DrDoS_DNS
2548,172.16.0.5-192.168.50.1-634-32227-17,172.16.0.5,634,192.168.50.1,32227,17,51:52.7,58827,DrDoS_DNS
2326,172.16.0.5-192.168.50.1-634-54602-17,172.16.0.5,634,192.168.50.1,54602,17,51:52.8,53427,DrDoS_DNS
2047,172.16.0.5-192.168.50.1-54602-634-17,192.168.50.1,634,172.16.0.5,54602,17,51:52.8,1,DrDoS_DNS
1062,172.16.0.5-192.168.50.1-634-15950-17,172.16.0.5,634,192.168.50.1,15950,17,51:52.9,112114,DrDoS_DNS
886,172.16.0.5-192.168.50.1-634-25541-17,172.16.0.5,634,192.168.50.1,25541,17,51:53.1,61323,DrDoS_DNS
527,172.16.0.5-192.168.50.1-634-47146-17,172.16.0.5,634,192.168.50.1,47146,17,51:53.1,84891,DrDoS_DNS
3283,172.16.0.5-192.168.50.1-634-51316-17,172.16.0.5,634,192.168.50.1,51316,17,51:53.2,85345,DrDoS_DNS
2130,172.16.0.5-192.168.50.1-634-42842-17,172.16.0.5,634,192.168.50.1,42842,17,51:53.3,92242,DrDoS_DNS
381,192.168.50.8-8.8.8.8-51556-53-17,192.168.50.8,51556,8.8.8.8,53,17,51:53.3,56824,BENIGN
2226,192.168.50.8-8.8.8.8-53554-53-17,192.168.50.8,53554,8.8.8.8,53,17,51:53.4,104191,BENIGN
1778,172.16.0.5-192.168.50.1-634-11281-17,172.16.0.5,634,192.168.50.1,11281,17,51:53.4,86003,DrDoS_DNS
1411,172.16.0.5-192.168.50.1-634-22536-17,172.16.0.5,634,192.168.50.1,22536,17,51:53.5,80971,DrDoS_DNS
2484,172.16.0.5-192.168.50.1-634-57805-17,172.16.0.5,634,192.168.50.1,57805,17,51:53.6,125590,DrDoS_DNS
1218,172.16.0.5-192.168.50.1-634-19853-17,172.16.0.5,634,192.168.50.1,19853,17,51:53.7,77634,DrDoS_DNS
1651,172.16.0.5-192.168.50.1-634-6520-17,172.16.0.5,634,192.168.50.1,6520,17,51:53.8,75558,DrDoS_DNS
2432,172.16.0.5-192.168.50.1-6520-634-17,192.168.50.1,634,172.16.0.5,6520,17,51:53.8,2,DrDoS_DNS
318,172.16.0.5-192.168.50.1-634-26507-17,172.16.0.5,634,192.168.50.1,26507,17,51:53.8,74153,DrDoS_DNS
2689,172.16.0.5-192.168.50.1-634-8386-17,172.16.0.5,634,192.168.50.1,8386,17,51:53.9,73060,DrDoS_DNS
783,172.16.0.5-192.168.50.1-634-31166-17,172.16.0.5,634,192.168.50.1,31166,17,51:54.0,76040,DrDoS_DNS
1197,172.16.0.5-192.168.50.1-634-29361-17,172.16.0.5,634,192.168.50.1,29361,17,51:54.1,71969,DrDoS_DNS
2,192.168.50.8-54.210.144.213-59147-443-6,192.168.50.8,59147,54.210.144.213,443,6,51:54.1,58194,BENIGN
257,172.16.0.5-192.168.50.1-634-62692-17,172.16.0.5,634,192.168.50.1,62692,17,51:54.1,80986,DrDoS_DNS
1166,192.168.50.8-54.210.144.213-59147-443-6,54.210.144.213,443,192.168.50.8,59147,6,51:54.2,107,BENIGN
3181,172.16.0.5-192.168.50.1-634-49022-17,172.16.0.5,634,192.168.50.1,49022,17,51:54.2,82006,DrDoS_DNS
2983,172.16.0.5-192.168.50.1-634-23219-17,172.16.0.5,634,192.168.50.1,23219,17,51:54.3,81246,DrDoS_DNS
2500,172.16.0.5-192.168.50.1-634-5939-17,172.16.0.5,634,192.168.50.1,5939,17,51:54.4,79857,DrDoS_DNS
1571,172.16.0.5-192.168.50.1-634-5953-17,172.16.0.5,634,192.168.50.1,5953,17,51:54.5,64961,DrDoS_DNS
498,172.16.0.5-192.168.50.1-634-20286-17,172.16.0.5,634,192.168.50.1,20286,17,51:54.5,36901,DrDoS_DNS
1277,172.16.0.5-192.168.50.1-634-49301-17,172.16.0.5,634,192.168.50.1,49301,17,51:54.6,39543,DrDoS_DNS
221,172.16.0.5-192.168.50.1-634-26379-17,172.16.0.5,634,192.168.50.1,26379,17,51:54.6,39594,DrDoS_DNS
3058,172.16.0.5-192.168.50.1-634-61746-17,172.16.0.5,634,192.168.50.1,61746,17,51:54.7,90406,DrDoS_DNS
2832,172.16.0.5-192.168.50.1-634-36118-17,172.16.0.5,634,192.168.50.1,36118,17,51:54.7,56474,DrDoS_DNS
2866,172.16.0.5-192.168.50.1-634-32444-17,172.16.0.5,634,192.168.50.1,32444,17,51:54.8,70132,DrDoS_DNS
2472,172.16.0.5-192.168.50.1-32444-634-17,192.168.50.1,634,172.16.0.5,32444,17,51:54.8,3,DrDoS_DNS
3294,172.16.0.5-192.168.50.1-634-62826-17,172.16.0.5,634,192.168.50.1,62826,17,51:54.9,46562,DrDoS_DNS
645,172.16.0.5-192.168.50.1-634-52936-17,172.16.0.5,634,192.168.50.1,52936,17,51:54.9,56821,DrDoS_DNS
291,172.16.0.5-192.168.50.1-634-49949-17,172.16.0.5,634,192.168.50.1,49949,17,51:55.0,50965,DrDoS_DNS
2795,172.16.0.5-192.168.50.1-634-46756-17,172.16.0.5,634,192.168.50.1,46756,17,51:55.0,50450,DrDoS_DNS
2792,172.16.0.5-192.168.50.1-634-62285-17,172.16.0.5,634,192.168.50.1,62285,17,51:55.1,59416,DrDoS_DNS
3254,172.16.0.5-192.168.50.1-634-29307-17,172.16.0.5,634,192.168.50.1,29307,17,51:55.1,61482,DrDoS_DNS
1450,172.16.0.5-192.168.50.1-634-21861-17,172.16.0.5,634,192.168.50.1,21861,17,51:55.2,80797,DrDoS_DNS
1735,172.16.0.5-192.168.50.1-634-65506-17,172.16.0.5,634,192.168.50.1,65506,17,51:55.3,81209,DrDoS_DNS
2580,172.16.0.5-192.168.50.1-634-29695-17,172.16.0.5,634,192.168.50.1,29695,17,51:55.4,50189,DrDoS_DNS
3049,172.16.0.5-192.168.50.1-634-37943-17,172.16.0.5,634,192.168.50.1,37943,17,51:55.4,65349,DrDoS_DNS
3315,172.16.0.5-192.168.50.1-634-57498-17,172.16.0.5,634,192.168.50.1,57498,17,51:55.5,64576,DrDoS_DNS
2963,172.16.0.5-192.168.50.1-634-43311-17,172.16.0.5,634,192.168.50.1,43311,17,51:55.6,81976,DrDoS_DNS
2578,172.16.0.5-192.168.50.1-634-39365-17,172.16.0.5,634,192.168.50.1,39365,17,51:55.6,84294,DrDoS_DNS
958,172.16.0.5-192.168.50.1-634-65183-17,172.16.0.5,634,192.168.50.1,65183,17,51:55.7,56175,DrDoS_DNS
590,172.16.0.5-192.168.50.1-634-55121-17,172.16.0.5,634,192.168.50.1,55121,17,51:55.8,35520,DrDoS_DNS
1295,172.16.0.5-192.168.50.1-634-43008-17,172.16.0.5,634,192.168.50.1,43008,17,51:55.8,98136,DrDoS_DNS
1430,172.16.0.5-192.168.50.1-43008-634-17,192.168.50.1,634,172.16.0.5,43008,17,51:55.8,2,DrDoS_DNS
1957,172.16.0.5-192.168.50.1-634-37184-17,172.16.0.5,634,192.168.50.1,37184,17,51:55.9,61462,DrDoS_DNS
1505,172.16.0.5-192.168.50.1-634-43232-17,172.16.0.5,634,192.168.50.1,43232,17,51:55.9,43646,DrDoS_DNS
2721,172.16.0.5-192.168.50.1-634-33750-17,172.16.0.5,634,192.168.50.1,33750,17,51:55.9,53573,DrDoS_DNS
3149,172.16.0.5-192.168.50.1-634-33514-17,172.16.0.5,634,192.168.50.1,33514,17,51:56.0,55786,DrDoS_DNS
2691,172.16.0.5-192.168.50.1-634-4368-17,172.16.0.5,634,192.168.50.1,4368,17,51:56.0,64668,DrDoS_DNS
1645,172.16.0.5-192.168.50.1-634-28600-17,172.16.0.5,634,192.168.50.1,28600,17,51:56.0,79395,DrDoS_DNS
1517,172.16.0.5-192.168.50.1-634-6150-17,172.16.0.5,634,192.168.50.1,6150,17,51:56.0,72194,DrDoS_DNS
477,172.16.0.5-192.168.50.1-634-43550-17,172.16.0.5,634,192.168.50.1,43550,17,51:56.1,50711,DrDoS_DNS
864,172.16.0.5-192.168.50.1-634-31783-17,172.16.0.5,634,192.168.50.1,31783,17,51:56.1,43690,DrDoS_DNS
1449,172.16.0.5-192.168.50.1-634-7396-17,172.16.0.5,634,192.168.50.1,7396,17,51:56.1,54206,DrDoS_DNS
2817,172.16.0.5-192.168.50.1-634-49055-17,172.16.0.5,634,192.168.50.1,49055,17,51:56.2,34256,DrDoS_DNS
721,172.16.0.5-192.168.50.1-634-43258-17,172.16.0.5,634,192.168.50.1,43258,17,51:56.2,38006,DrDoS_DNS
2638,172.16.0.5-192.168.50.1-634-53270-17,172.16.0.5,634,192.168.50.1,53270,17,51:56.2,58179,DrDoS_DNS
2816,172.16.0.5-192.168.50.1-634-37256-17,172.16.0.5,634,192.168.50.1,37256,17,51:56.2,34252,DrDoS_DNS
2162,172.16.0.5-192.168.50.1-634-368-17,172.16.0.5,634,192.168.50.1,368,17,51:56.3,76131,DrDoS_DNS
216,172.16.0.5-192.168.50.1-634-6732-17,172.16.0.5,634,192.168.50.1,6732,17,51:56.3,45346,DrDoS_DNS
2813,172.16.0.5-192.168.50.1-634-9905-17,172.16.0.5,634,192.168.50.1,9905,17,51:56.3,2,DrDoS_DNS
1818,172.16.0.5-192.168.50.1-634-24381-17,172.16.0.5,634,192.168.50.1,24381,17,51:56.3,35185,DrDoS_DNS
883,172.16.0.5-192.168.50.1-634-23302-17,172.16.0.5,634,192.168.50.1,23302,17,51:56.4,96743,DrDoS_DNS
1739,172.16.0.5-192.168.50.1-634-26624-17,172.16.0.5,634,192.168.50.1,26624,17,51:56.5,65756,DrDoS_DNS
3142,172.16.0.5-192.168.50.1-634-40943-17,172.16.0.5,634,192.168.50.1,40943,17,51:56.5,119772,DrDoS_DNS
1052,172.16.0.5-192.168.50.1-634-43474-17,172.16.0.5,634,192.168.50.1,43474,17,51:56.7,60975,DrDoS_DNS
2383,172.16.0.5-192.168.50.1-634-29151-17,172.16.0.5,634,192.168.50.1,29151,17,51:56.7,35519,DrDoS_DNS
2526,172.16.0.5-192.168.50.1-634-51400-17,172.16.0.5,634,192.168.50.1,51400,17,51:56.8,45673,DrDoS_DNS
2647,172.16.0.5-192.168.50.1-634-15701-17,172.16.0.5,634,192.168.50.1,15701,17,51:56.8,37480,DrDoS_DNS
682,172.16.0.5-192.168.50.1-634-50092-17,172.16.0.5,634,192.168.50.1,50092,17,51:56.8,30676,DrDoS_DNS
437,172.16.0.5-192.168.50.1-50092-634-17,192.168.50.1,634,172.16.0.5,50092,17,51:56.8,2,DrDoS_DNS
2064,172.16.0.5-192.168.50.1-634-10154-17,172.16.0.5,634,192.168.50.1,10154,17,51:56.8,61106,DrDoS_DNS
2206,172.16.0.5-192.168.50.1-634-52668-17,172.16.0.5,634,192.168.50.1,52668,17,51:56.9,144635,DrDoS_DNS
717,172.16.0.5-192.168.50.1-634-43794-17,172.16.0.5,634,192.168.50.1,43794,17,51:56.9,52941,DrDoS_DNS
2955,172.16.0.5-192.168.50.1-634-50924-17,172.16.0.5,634,192.168.50.1,50924,17,51:57.0,84258,DrDoS_DNS
1132,172.16.0.5-192.168.50.1-634-32850-17,172.16.0.5,634,192.168.50.1,32850,17,51:57.0,40729,DrDoS_DNS
2458,172.16.0.5-192.168.50.1-634-43445-17,172.16.0.5,634,192.168.50.1,43445,17,51:57.1,71768,DrDoS_DNS
2415,172.16.0.5-192.168.50.1-634-21481-17,172.16.0.5,634,192.168.50.1,21481,17,51:57.2,38223,DrDoS_DNS
3301,172.16.0.5-192.168.50.1-634-48548-17,172.16.0.5,634,192.168.50.1,48548,17,51:57.2,37680,DrDoS_DNS
3304,172.16.0.5-192.168.50.1-634-31701-17,172.16.0.5,634,192.168.50.1,31701,17,51:57.2,46314,DrDoS_DNS
959,172.16.0.5-192.168.50.1-634-42506-17,172.16.0.5,634,192.168.50.1,42506,17,51:57.3,42868,DrDoS_DNS
856,172.16.0.5-192.168.50.1-634-46356-17,172.16.0.5,634,192.168.50.1,46356,17,51:57.3,57000,DrDoS_DNS
728,172.16.0.5-192.168.50.1-634-3421-17,172.16.0.5,634,192.168.50.1,3421,17,51:57.4,37817,DrDoS_DNS
2101,172.16.0.5-192.168.50.1-634-33117-17,172.16.0.5,634,192.168.50.1,33117,17,51:57.4,49973,DrDoS_DNS
423,172.16.0.5-192.168.50.1-46397-81-6,172.16.0.5,46397,192.168.50.1,81,6,51:57.4,90,DrDoS_DNS
3360,172.16.0.5-192.168.50.1-634-22243-17,172.16.0.5,634,192.168.50.1,22243,17,51:57.5,1919454,DrDoS_DNS
2507,172.16.0.5-192.168.50.1-634-11319-17,172.16.0.5,634,192.168.50.1,11319,17,51:57.6,76344,DrDoS_DNS
2427,172.16.0.5-192.168.50.1-634-51497-17,172.16.0.5,634,192.168.50.1,51497,17,51:57.6,39071,DrDoS_DNS
3251,172.16.0.5-192.168.50.1-634-55073-17,172.16.0.5,634,192.168.50.1,55073,17,51:57.7,39131,DrDoS_DNS
1686,172.16.0.5-192.168.50.1-634-3012-17,172.16.0.5,634,192.168.50.1,3012,17,51:57.7,70184,DrDoS_DNS
2793,172.16.0.5-192.168.50.1-634-17271-17,172.16.0.5,634,192.168.50.1,17271,17,51:57.8,53169,DrDoS_DNS
577,172.16.0.5-192.168.50.1-634-61967-17,172.16.0.5,634,192.168.50.1,61967,17,51:57.8,51185,DrDoS_DNS
840,172.16.0.5-192.168.50.1-61967-634-17,192.168.50.1,634,172.16.0.5,61967,17,51:57.8,1,DrDoS_DNS
2885,172.16.0.5-192.168.50.1-634-33172-17,172.16.0.5,634,192.168.50.1,33172,17,51:57.9,35028,DrDoS_DNS
2042,172.16.0.5-192.168.50.1-634-60402-17,172.16.0.5,634,192.168.50.1,60402,17,51:57.9,37558,DrDoS_DNS
2012,172.16.0.5-192.168.50.1-634-40432-17,172.16.0.5,634,192.168.50.1,40432,17,51:57.9,50019,DrDoS_DNS
738,172.16.0.5-192.168.50.1-634-28756-17,172.16.0.5,634,192.168.50.1,28756,17,51:58.0,89791,DrDoS_DNS
1764,172.16.0.5-192.168.50.1-634-23798-17,172.16.0.5,634,192.168.50.1,23798,17,51:58.2,72386,DrDoS_DNS
1884,172.16.0.5-192.168.50.1-634-9850-17,172.16.0.5,634,192.168.50.1,9850,17,51:58.3,54205,DrDoS_DNS
1597,172.16.0.5-192.168.50.1-634-17890-17,172.16.0.5,634,192.168.50.1,17890,17,51:58.4,62416,DrDoS_DNS
397,172.16.0.5-192.168.50.1-634-47744-17,172.16.0.5,634,192.168.50.1,47744,17,51:58.4,62205,DrDoS_DNS
2947,172.16.0.5-192.168.50.1-818-61442-17,172.16.0.5,818,192.168.50.1,61442,17,51:58.5,36977,DrDoS_DNS
2327,172.16.0.5-192.168.50.1-634-38913-17,172.16.0.5,634,192.168.50.1,38913,17,51:58.5,44790,DrDoS_DNS
470,172.16.0.5-192.168.50.1-634-9727-17,172.16.0.5,634,192.168.50.1,9727,17,51:58.6,72637,DrDoS_DNS
2479,172.16.0.5-192.168.50.1-634-43194-17,172.16.0.5,634,192.168.50.1,43194,17,51:58.6,72825,DrDoS_DNS
1942,172.16.0.5-192.168.50.1-634-21032-17,172.16.0.5,634,192.168.50.1,21032,17,51:58.7,43929,DrDoS_DNS
3064,172.16.0.5-192.168.50.1-634-58734-17,172.16.0.5,634,192.168.50.1,58734,17,51:58.8,42996,DrDoS_DNS
1274,172.16.0.5-192.168.50.1-634-10336-17,172.16.0.5,634,192.168.50.1,10336,17,51:58.8,49378,DrDoS_DNS
2002,172.16.0.5-192.168.50.1-10336-634-17,192.168.50.1,634,172.16.0.5,10336,17,51:58.8,2,DrDoS_DNS
1125,172.16.0.5-192.168.50.1-634-44583-17,172.16.0.5,634,192.168.50.1,44583,17,51:58.8,51175,DrDoS_DNS
1496,172.16.0.5-192.168.50.1-634-8397-17,172.16.0.5,634,192.168.50.1,8397,17,51:58.9,101824,DrDoS_DNS
3328,172.16.0.5-192.168.50.1-634-28442-17,172.16.0.5,634,192.168.50.1,28442,17,51:59.0,77464,DrDoS_DNS
1538,172.16.0.5-192.168.50.1-634-58000-17,172.16.0.5,634,192.168.50.1,58000,17,51:59.1,87641,DrDoS_DNS
2232,172.16.0.5-192.168.50.1-634-30908-17,172.16.0.5,634,192.168.50.1,30908,17,51:59.2,97968,DrDoS_DNS
3264,172.16.0.5-192.168.50.1-634-48309-17,172.16.0.5,634,192.168.50.1,48309,17,51:59.3,38637,DrDoS_DNS
1100,172.16.0.5-192.168.50.1-634-5657-17,172.16.0.5,634,192.168.50.1,5657,17,51:59.3,38013,DrDoS_DNS
2555,172.16.0.5-192.168.50.1-634-25415-17,172.16.0.5,634,192.168.50.1,25415,17,51:59.4,38398,DrDoS_DNS
1966,172.16.0.5-192.168.50.1-634-3372-17,172.16.0.5,634,192.168.50.1,3372,17,51:59.4,39724,DrDoS_DNS
1215,172.16.0.5-192.168.50.1-634-26738-17,172.16.0.5,634,192.168.50.1,26738,17,51:59.5,38655,DrDoS_DNS
1791,172.16.0.5-192.168.50.1-634-888-17,172.16.0.5,634,192.168.50.1,888,17,51:59.5,37245,DrDoS_DNS
3045,172.16.0.5-192.168.50.1-634-32323-17,172.16.0.5,634,192.168.50.1,32323,17,51:59.6,39539,DrDoS_DNS
1726,172.16.0.5-192.168.50.1-634-33680-17,172.16.0.5,634,192.168.50.1,33680,17,51:59.6,39704,DrDoS_DNS
885,172.16.0.5-192.168.50.1-634-36954-17,172.16.0.5,634,192.168.50.1,36954,17,51:59.6,39460,DrDoS_DNS
202,8.0.6.4-8.6.0.1-0-0-0,8.6.0.1,0,8.0.6.4,0,0,52:00.4,114004796,BENIGN
3,172.16.0.5-192.168.50.1-8676-80-6,172.16.0.5,8676,192.168.50.1,80,6,52:01.2,5030804,DrDoS_DNS
2234,172.16.0.5-192.168.50.1-634-29207-17,172.16.0.5,634,192.168.50.1,29207,17,52:01.3,29545,DrDoS_DNS
2289,172.16.0.5-192.168.50.1-29207-634-17,192.168.50.1,634,172.16.0.5,29207,17,52:01.3,258,DrDoS_DNS
454,172.16.0.5-192.168.50.1-634-38413-17,172.16.0.5,634,192.168.50.1,38413,17,52:01.3,36039,DrDoS_DNS
2897,172.16.0.5-192.168.50.1-819-16055-17,172.16.0.5,819,192.168.50.1,16055,17,52:02.3,317264,DrDoS_DNS
727,172.16.0.5-192.168.50.1-16055-819-17,192.168.50.1,819,172.16.0.5,16055,17,52:02.3,2,DrDoS_DNS
800,172.16.0.5-192.168.50.1-634-50488-17,172.16.0.5,634,192.168.50.1,50488,17,52:02.6,23513,DrDoS_DNS
1081,172.16.0.5-192.168.50.1-634-42951-17,172.16.0.5,634,192.168.50.1,42951,17,52:03.7,31169,DrDoS_DNS
2225,172.16.0.5-192.168.50.1-42951-634-17,192.168.50.1,634,172.16.0.5,42951,17,52:03.7,3,DrDoS_DNS
1363,172.16.0.5-192.168.50.1-634-32796-17,172.16.0.5,634,192.168.50.1,32796,17,52:03.7,65625,DrDoS_DNS
316,172.16.0.5-192.168.50.1-634-8298-17,172.16.0.5,634,192.168.50.1,8298,17,52:03.8,30327,DrDoS_DNS
1635,172.16.0.5-192.168.50.1-634-58390-17,172.16.0.5,634,192.168.50.1,58390,17,52:03.8,30268,DrDoS_DNS
902,172.16.0.5-192.168.50.1-58390-634-17,192.168.50.1,634,172.16.0.5,58390,17,52:03.8,1,DrDoS_DNS
3321,172.16.0.5-192.168.50.1-634-36347-17,172.16.0.5,634,192.168.50.1,36347,17,52:03.8,30803,DrDoS_DNS
2821,172.16.0.5-192.168.50.1-634-62682-17,172.16.0.5,634,192.168.50.1,62682,17,52:03.9,31028,DrDoS_DNS
2707,172.16.0.5-192.168.50.1-634-45565-17,172.16.0.5,634,192.168.50.1,45565,17,52:03.9,30770,DrDoS_DNS
1292,172.16.0.5-192.168.50.1-634-14894-17,172.16.0.5,634,192.168.50.1,14894,17,52:03.9,31715,DrDoS_DNS
2693,172.16.0.5-192.168.50.1-634-52250-17,172.16.0.5,634,192.168.50.1,52250,17,52:04.0,30204,DrDoS_DNS
3310,172.16.0.5-192.168.50.1-634-51515-17,172.16.0.5,634,192.168.50.1,51515,17,52:04.0,29938,DrDoS_DNS
4,172.16.0.5-192.168.50.1-8676-80-6,192.168.50.1,80,172.16.0.5,8676,6,52:06.2,163,DrDoS_DNS
2315,172.16.0.5-192.168.50.1-8676-80-6,172.16.0.5,8676,192.168.50.1,80,6,52:06.2,98,DrDoS_DNS
363,172.16.0.5-192.168.50.1-634-29060-17,172.16.0.5,634,192.168.50.1,29060,17,52:07.0,38441,DrDoS_DNS
1133,172.16.0.5-192.168.50.1-29060-634-17,192.168.50.1,634,172.16.0.5,29060,17,52:07.0,1058,DrDoS_DNS
2535,172.16.0.5-192.168.50.1-634-919-17,172.16.0.5,634,192.168.50.1,919,17,52:07.0,27633,DrDoS_DNS
2997,172.16.0.5-192.168.50.1-634-6934-17,172.16.0.5,634,192.168.50.1,6934,17,52:07.1,3,DrDoS_DNS
252,172.16.0.5-192.168.50.1-634-28446-17,172.16.0.5,634,192.168.50.1,28446,17,52:07.1,35201,DrDoS_DNS
1671,172.16.0.5-192.168.50.1-634-30433-17,172.16.0.5,634,192.168.50.1,30433,17,52:07.2,63706,DrDoS_DNS
828,172.16.0.5-192.168.50.1-634-4776-17,172.16.0.5,634,192.168.50.1,4776,17,52:07.2,37753,DrDoS_DNS
1146,172.16.0.5-192.168.50.1-634-55482-17,172.16.0.5,634,192.168.50.1,55482,17,52:07.3,37559,DrDoS_DNS
1784,172.16.0.5-192.168.50.1-634-15512-17,172.16.0.5,634,192.168.50.1,15512,17,52:07.3,39449,DrDoS_DNS
584,172.16.0.5-192.168.50.1-634-57912-17,172.16.0.5,634,192.168.50.1,57912,17,52:07.4,3,DrDoS_DNS
1021,172.16.0.5-192.168.50.1-634-17209-17,172.16.0.5,634,192.168.50.1,17209,17,52:07.4,35592,DrDoS_DNS
5,172.16.0.5-192.168.50.1-59808-80-6,172.16.0.5,59808,192.168.50.1,80,6,52:08.3,7764701,DrDoS_DNS
13,172.16.0.5-192.168.50.1-59809-80-6,172.16.0.5,59809,192.168.50.1,80,6,52:08.4,10626961,DrDoS_DNS
751,172.16.0.5-192.168.50.1-634-45211-17,172.16.0.5,634,192.168.50.1,45211,17,52:08.9,42447,DrDoS_DNS
2617,172.16.0.5-192.168.50.1-45211-634-17,192.168.50.1,634,172.16.0.5,45211,17,52:08.9,200,DrDoS_DNS
3344,172.16.0.5-192.168.50.1-634-41845-17,172.16.0.5,634,192.168.50.1,41845,17,52:08.9,44688,DrDoS_DNS
1280,172.16.0.5-192.168.50.1-634-2593-17,172.16.0.5,634,192.168.50.1,2593,17,52:09.0,36897,DrDoS_DNS
262,172.16.0.5-192.168.50.1-634-63596-17,172.16.0.5,634,192.168.50.1,63596,17,52:09.0,29670,DrDoS_DNS
2931,172.16.0.5-192.168.50.1-634-12687-17,172.16.0.5,634,192.168.50.1,12687,17,52:09.2,38031,DrDoS_DNS
3233,172.16.0.5-192.168.50.1-634-6097-17,172.16.0.5,634,192.168.50.1,6097,17,52:10.2,34895,DrDoS_DNS
1360,172.16.0.5-192.168.50.1-6097-634-17,192.168.50.1,634,172.16.0.5,6097,17,52:10.2,2,DrDoS_DNS
3288,172.16.0.5-192.168.50.1-820-40286-17,172.16.0.5,820,192.168.50.1,40286,17,52:10.2,47415,DrDoS_DNS
2773,172.16.0.5-192.168.50.1-634-24119-17,172.16.0.5,634,192.168.50.1,24119,17,52:10.2,67859,DrDoS_DNS
1668,172.16.0.5-192.168.50.1-634-61441-17,172.16.0.5,634,192.168.50.1,61441,17,52:10.3,62244,DrDoS_DNS
3357,172.16.0.5-192.168.50.1-634-13049-17,172.16.0.5,634,192.168.50.1,13049,17,52:10.4,44396,DrDoS_DNS
2711,172.16.0.5-192.168.50.1-634-12754-17,172.16.0.5,634,192.168.50.1,12754,17,52:10.5,25387,DrDoS_DNS
1412,172.16.0.5-192.168.50.1-634-55792-17,172.16.0.5,634,192.168.50.1,55792,17,52:10.5,123622,DrDoS_DNS
7,172.16.0.5-192.168.50.1-34353-80-6,172.16.0.5,34353,192.168.50.1,80,6,52:12.3,5476134,DrDoS_DNS
25,172.16.0.5-192.168.50.1-34354-80-6,172.16.0.5,34354,192.168.50.1,80,6,52:12.5,10079663,DrDoS_DNS
1500,172.16.0.5-192.168.50.1-634-16016-17,172.16.0.5,634,192.168.50.1,16016,17,52:12.9,214484,DrDoS_DNS
1111,172.16.0.5-192.168.50.1-16016-634-17,192.168.50.1,634,172.16.0.5,16016,17,52:12.9,75,DrDoS_DNS
475,172.16.0.5-192.168.50.1-634-29134-17,172.16.0.5,634,192.168.50.1,29134,17,52:13.1,18703,DrDoS_DNS
1033,172.16.0.5-192.168.50.1-634-31220-17,172.16.0.5,634,192.168.50.1,31220,17,52:13.1,18480,DrDoS_DNS
2818,172.16.0.5-192.168.50.1-634-42955-17,172.16.0.5,634,192.168.50.1,42955,17,52:13.2,217119,DrDoS_DNS
619,172.16.0.5-192.168.50.1-634-32798-17,172.16.0.5,634,192.168.50.1,32798,17,52:13.4,17893,DrDoS_DNS
976,172.16.0.5-192.168.50.1-634-50448-17,172.16.0.5,634,192.168.50.1,50448,17,52:13.4,19051,DrDoS_DNS
2127,172.16.0.5-192.168.50.1-634-40546-17,172.16.0.5,634,192.168.50.1,40546,17,52:13.4,185102,DrDoS_DNS
1368,172.16.0.5-192.168.50.1-634-33766-17,172.16.0.5,634,192.168.50.1,33766,17,52:13.6,18753,DrDoS_DNS
1776,172.16.0.5-192.168.50.1-634-32274-17,172.16.0.5,634,192.168.50.1,32274,17,52:13.6,18916,DrDoS_DNS
271,192.168.50.7-34.208.208.167-51500-443-6,34.208.208.167,443,192.168.50.7,51500,6,52:13.9,132757,BENIGN
1493,172.16.0.5-192.168.50.1-634-56633-17,172.16.0.5,634,192.168.50.1,56633,17,52:15.8,32573,DrDoS_DNS
1561,172.16.0.5-192.168.50.1-56633-634-17,192.168.50.1,634,172.16.0.5,56633,17,52:15.8,245,DrDoS_DNS
6,172.16.0.5-192.168.50.1-59808-80-6,192.168.50.1,80,172.16.0.5,59808,6,52:16.1,168,DrDoS_DNS
855,172.16.0.5-192.168.50.1-59808-80-6,172.16.0.5,59808,192.168.50.1,80,6,52:16.1,127,DrDoS_DNS
2374,172.16.0.5-192.168.50.1-634-22809-17,172.16.0.5,634,192.168.50.1,22809,17,52:17.5,49681,DrDoS_DNS
1241,172.16.0.5-192.168.50.1-22809-634-17,192.168.50.1,634,172.16.0.5,22809,17,52:17.5,184,DrDoS_DNS
3105,172.16.0.5-192.168.50.1-634-40277-17,172.16.0.5,634,192.168.50.1,40277,17,52:17.6,37373,DrDoS_DNS